{"cameraMode":{"drawMode":0,"name":"Shaded","section":"Shading Mode"},"sceneLighting":false,"audioPlay":false,"sceneViewState":{"m_AlwaysRefresh":false,"showFog":true,"showSkybox":false,"showFlares":true,"showImageEffects":true,"showParticleSystems":true,"showVisualEffectGraphs":true,"m_FxEnabled":true},"in2DMode":false,"pivot":{"x":0.5971529483795166,"y":-0.5176275372505188,"z":-2.5153462886810304},"rotation":{"x":0.0030950908549129965,"y":0.9849525094032288,"z":-0.17191462218761445,"w":0.017730610445141794},"size":1.1920039653778077,"orthographic":true}