{"cameraMode":{"drawMode":0,"name":"Shaded","section":"Shading Mode"},"sceneLighting":false,"audioPlay":false,"sceneViewState":{"m_AlwaysRefresh":false,"showFog":true,"showSkybox":false,"showFlares":true,"showImageEffects":true,"showParticleSystems":true,"showVisualEffectGraphs":true,"m_FxEnabled":true},"in2DMode":false,"pivot":{"x":0.048505574464797977,"y":0.8897119760513306,"z":0.11724209785461426},"rotation":{"x":-0.0005739529733546078,"y":0.9994290471076965,"z":0.02279067412018776,"w":0.0251905620098114},"size":1.762380838394165,"orthographic":true}