{"cameraMode":{"drawMode":0,"name":"Shaded","section":"Shading Mode"},"sceneLighting":false,"audioPlay":false,"sceneViewState":{"m_AlwaysRefresh":false,"showFog":true,"showSkybox":false,"showFlares":true,"showImageEffects":true,"showParticleSystems":true,"showVisualEffectGraphs":true,"m_FxEnabled":true},"in2DMode":false,"pivot":{"x":0.04105117917060852,"y":0.7918734550476074,"z":-0.025436311960220338},"rotation":{"x":-0.006748376879841089,"y":0.9924777746200562,"z":-0.1039930209517479,"w":-0.06440357118844986},"size":1.0837554931640626,"orthographic":true}